userId,productId,rating,timestamp
1,1,5.0,1642345200
1,2,4.6,1642431600
1,3,4.1,1642518000
1,4,5.0,1642604400
1,5,4.6,1642690800
1,21,5.0,1642777200
1,22,4.5,1642863600
1,24,4.8,1642950000
1,25,4.6,1643036400
1,27,4.6,1643122800
1,31,4.6,1643209200
1,32,4.3,1643295600
1,33,4.8,1643382000
1,35,4.3,1643468400
1,36,4.8,1643554800
1,37,5.0,1643641200
1,38,5.0,1643727600
1,41,5.0,1643814000
1,43,4.8,1643900400
1,48,4.1,1643986800
1,50,5.0,1644073200
1,51,5.0,1644159600
1,52,4.5,1644246000
1,55,4.8,1644332400
1,62,4.7,1644418800
1,70,4.8,1644505200
1,76,4.5,1644591600
1,78,4.2,1644678000
1,81,4.8,1644764400
1,84,4.8,1644850800
1,85,5.0,1644937200
1,86,4.7,1645023600
1,87,5.0,1645110000
1,88,5.0,1645196400
1,89,5.0,1645282800
1,90,4.7,1645369200
1,91,5.0,1645455600
1,92,5.0,1645542000
1,93,5.0,1645628400
1,94,5.0,1645714800
1,99,5.0,1645801200
1,100,5.0,1645887600
1,101,4.8,1645974000
1,102,5.0,1646060400
1,104,4.5,1646146800
1,105,4.5,1646233200
1,106,4.5,1646319600
1,107,4.5,1646406000
1,111,5.0,1646492400
1,112,5.0,1646578800
1,114,5.0,1646665200
1,115,5.0,1646751600
1,120,4.8,1646838000
1,121,4.8,1646924400
1,122,4.7,1647010800
1,123,5.0,1647100800
1,124,4.8,1647187200
1,125,4.8,1647273600
1,133,5.0,1647360000
1,137,5.0,1647446400
1,140,4.8,1647532800
1,144,5.0,1647619200
1,145,5.0,1647705600
1,146,5.0,1647792000
1,147,4.7,1647878400
1,148,4.8,1647964800
1,149,5.0,1648051200
1,150,4.8,1648137600
1,151,4.8,1648224000
1,152,4.8,1648310400
1,153,4.8,1648396800
1,154,5.0,1648483200
1,155,5.0,1648569600
1,158,5.0,1648656000
1,159,5.0,1648742400
1,160,5.0,1648828800
1,161,5.0,1648915200
1,162,5.0,1649001600
1,163,5.0,1649088000
1,164,4.7,1649174400
1,165,5.0,1649260800
1,170,4.8,1649347200
1,171,5.0,1649433600
1,175,5.0,1649520000
1,186,5.0,1649606400
1,187,5.0,1649692800
1,188,4.8,1649779200
1,189,4.8,1649865600
1,190,4.8,1649952000
1,191,5.0,1650038400
1,192,4.8,1650124800
1,193,5.0,1650211200
1,194,4.8,1650297600
1,195,5.0,1650384000
1,196,4.8,1650470400
1,197,5.0,1650556800
1,198,4.8,1650643200
1,199,4.8,1650729600
1,200,5.0,1650816000
2,1,4.6,1650902400
2,6,4.1,1650988800
2,9,3.6,1651075200
2,10,4.1,1651161600
2,16,4.1,1651248000
2,18,4.6,1651334400
2,24,5.0,1651420800
2,26,4.5,1651507200
2,28,4.0,1651593600
2,29,5.0,1651680000
2,45,4.1,1651766400
2,46,3.0,1651852800
2,47,4.1,1651939200
2,66,4.8,1652025600
2,75,4.5,1652112000
2,80,4.8,1652198400
2,94,3.0,1652284800
2,98,4.5,1652371200
2,99,5.0,1652457600
2,101,4.8,1652544000
2,104,4.0,1652630400
2,105,3.5,1652716800
2,106,4.0,1652803200
2,107,3.5,1652889600
2,108,4.0,1652976000
2,109,4.1,1653062400
2,110,4.1,1653148800
2,111,4.0,1653235200
2,112,3.5,1653321600
2,115,5.0,1653408000
2,116,4.1,1653494400
2,117,4.1,1653580800
2,118,4.1,1653667200
2,155,5.0,1653753600
2,161,5.0,1653840000
2,162,4.0,1653926400
2,163,5.0,1654012800
2,178,4.3,1654099200
2,179,4.3,1654185600
2,181,4.5,1654272000
2,183,4.8,1654358400
2,184,4.8,1654444800
2,185,4.8,1654531200
2,191,5.0,1654617600
2,195,5.0,1654704000
2,197,5.0,1654790400
2,199,4.8,1654876800
3,3,4.1,1654963200
3,4,4.6,1655049600
3,7,4.6,1655136000
3,11,4.6,1655222400
3,17,4.6,1655308800
3,20,4.6,1655395200
3,30,4.1,1655481600
3,32,4.8,1655568000
3,33,5.0,1655654400
3,34,4.8,1655740800
3,42,4.8,1655827200
3,44,4.0,1655913600
3,53,4.5,1656000000
3,54,4.8,1656086400
3,56,4.8,1656172800
3,57,4.8,1656259200
3,58,4.8,1656345600
3,59,4.8,1656432000
3,60,5.0,1656518400
3,61,5.0,1656604800
3,67,4.8,1656691200
3,68,4.8,1656777600
3,69,4.8,1656864000
3,71,4.0,1656950400
3,72,4.3,1657036800
3,73,4.8,1657123200
3,74,4.3,1657209600
3,77,4.8,1657296000
3,79,4.8,1657382400
3,82,4.8,1657468800
3,83,4.7,1657555200
3,85,4.0,1657641600
3,86,4.7,1657728000
3,87,5.0,1657814400
3,88,5.0,1657900800
3,89,5.0,1657987200
3,90,4.7,1658073600
3,91,4.0,1658160000
3,92,5.0,1658246400
3,93,5.0,1658332800
3,121,4.8,1658419200
3,122,4.7,1658505600
3,124,4.8,1658592000
3,125,4.8,1658678400
3,126,4.8,1658764800
3,127,4.8,1658851200
3,128,4.1,1658937600
3,129,4.7,1659024000
3,131,4.7,1659110400
3,132,4.1,1659196800
3,133,5.0,1659283200
3,134,4.1,1659369600
3,135,4.8,1659456000
3,136,4.1,1659542400
3,137,5.0,1659628800
3,138,4.0,1659715200
3,139,4.0,1659801600
3,140,4.8,1659888000
3,141,4.3,1659974400
3,142,4.3,1660060800
3,143,5.0,1660147200
3,144,5.0,1660233600
3,145,5.0,1660320000
3,146,5.0,1660406400
3,147,4.7,1660492800
3,148,4.8,1660579200
3,165,5.0,1660665600
3,166,4.0,1660752000
3,167,4.0,1660838400
3,168,4.0,1660924800
3,169,4.0,1661011200
3,170,4.8,1661097600
3,171,5.0,1661184000
3,172,4.3,1661270400
3,173,4.3,1661356800
3,174,4.0,1661443200
3,175,5.0,1661529600
3,176,4.0,1661616000
4,2,4.1,1661702400
4,8,4.1,1661788800
4,12,2.6,1661875200
4,13,3.6,1661961600
4,14,4.1,1662048000
4,15,3.6,1662134400
4,19,4.1,1662220800
4,23,4.6,1662307200
4,35,4.3,1662393600
4,36,4.8,1662480000
4,39,4.7,1662566400
4,40,4.7,1662652800
4,49,4.3,1662739200
4,50,5.0,1662825600
4,63,4.0,1662912000
4,64,3.5,1662998400
4,65,4.5,1663084800
4,97,4.5,1663171200
4,102,5.0,1663257600
4,114,5.0,1663344000
4,119,4.1,1663430400
4,149,5.0,1663516800
4,150,4.8,1663603200
4,151,4.8,1663689600
4,152,4.8,1663776000
4,153,4.8,1663862400
4,154,5.0,1663948800
4,156,4.1,1664035200
4,157,4.6,1664121600
4,158,5.0,1664208000
4,159,5.0,1664294400
4,160,5.0,1664380800
4,186,5.0,1664467200
4,187,5.0,1664553600
4,188,4.8,1664640000
4,189,4.8,1664726400
4,192,4.8,1664812800
4,193,5.0,1664899200
4,196,4.8,1664985600
4,198,4.8,1665072000
4,200,5.0,1665158400
5,1,5.0,1665244800
5,5,4.6,1665331200
5,21,5.0,1665417600
5,22,4.6,1665504000
5,25,4.6,1665590400
5,27,4.6,1665676800
5,29,5.0,1665763200
5,31,4.6,1665849600
5,37,5.0,1665936000
5,38,5.0,1666022400
5,41,5.0,1666108800
5,43,4.8,1666195200
5,51,5.0,1666281600
5,55,4.8,1666368000
5,62,4.7,1666454400
5,70,4.8,1666540800
5,76,4.5,1666627200
5,78,4.2,1666713600
5,81,4.8,1666800000
5,84,4.8,1666886400
5,95,4.6,1666972800
5,96,4.8,1667059200
5,100,5.0,1667145600
5,103,4.6,1667232000
5,113,4.6,1667318400
5,120,4.8,1667404800
5,123,5.0,1667491200
5,130,4.6,1667577600
5,149,5.0,1667664000
5,150,4.8,1667750400
5,151,4.8,1667836800
5,152,4.8,1667923200
5,153,4.8,1668009600
5,154,5.0,1668096000
5,156,4.6,1668182400
5,159,5.0,1668268800
5,164,4.7,1668355200
5,177,4.0,1668441600
5,180,4.0,1668528000
5,182,4.8,1668614400
5,190,4.8,1668700800
5,194,4.8,1668787200
6,6,4.1,1668873600
6,9,3.6,1668960000
6,10,4.1,1669046400
6,18,4.6,1669132800
6,24,5.0,1669219200
6,26,4.5,1669305600
6,28,4.0,1669392000
6,45,4.6,1669478400
6,46,3.0,1669564800
6,47,4.6,1669651200
6,66,4.8,1669737600
6,75,4.5,1669824000
6,80,4.8,1669910400
6,94,3.0,1669996800
6,98,4.5,1670083200
6,99,5.0,1670169600
6,101,4.8,1670256000
6,104,4.0,1670342400
6,105,3.5,1670428800
6,106,4.0,1670515200
6,107,3.5,1670601600
6,108,4.0,1670688000
6,109,4.6,1670774400
6,110,4.6,1670860800
6,111,4.5,1670947200
6,112,4.0,1671033600
6,115,5.0,1671120000
6,116,4.6,1671206400
6,117,4.6,1671292800
6,118,4.6,1671379200
6,155,5.0,1671465600
6,161,5.0,1671552000
6,162,4.0,1671638400
6,163,5.0,1671724800
6,178,4.8,1671811200
6,179,4.8,1671897600
6,181,4.6,1671984000
6,183,4.8,1672070400
6,184,4.8,1672156800
6,185,4.8,1672243200
6,191,5.0,1672329600
6,195,5.0,1672416000
6,197,5.0,1672502400
6,199,4.8,1672588800
7,3,4.1,1672675200
7,7,4.6,1672761600
7,11,4.6,1672848000
7,17,4.6,1672934400
7,20,4.6,1673020800
7,30,4.6,1673107200
7,32,5.0,1673193600
7,33,4.8,1673280000
7,34,4.8,1673366400
7,42,4.8,1673452800
7,44,4.0,1673539200
7,53,4.5,1673625600
7,54,4.8,1673712000
7,56,4.8,1673798400
7,57,4.8,1673884800
7,58,4.8,1673971200
7,59,4.8,1674057600
7,60,5.0,1674144000
7,61,5.0,1674230400
7,67,4.8,1674316800
7,68,4.8,1674403200
7,69,4.8,1674489600
7,71,4.0,1674576000
7,72,4.3,1674662400
7,73,4.8,1674748800
7,74,4.3,1674835200
7,77,4.8,1674921600
7,79,4.8,1675008000
7,82,4.8,1675094400
7,83,4.7,1675180800
7,85,4.0,1675267200
7,86,4.7,1675353600
7,87,5.0,1675440000
7,88,5.0,1675526400
7,89,5.0,1675612800
7,90,4.7,1675699200
7,91,4.0,1675785600
7,92,5.0,1675872000
7,93,5.0,1675958400
7,121,4.8,1676044800
7,122,4.7,1676131200
7,124,4.8,1676217600
7,125,4.8,1676304000
7,126,4.8,1676390400
7,127,4.8,1676476800
7,128,4.1,1676563200
7,129,4.7,1676649600
7,131,4.7,1676736000
7,132,4.1,1676822400
7,133,5.0,1676908800
7,134,4.1,1676995200
7,135,4.8,1677081600
7,136,4.1,1677168000
7,137,5.0,1677254400
7,138,4.0,1677340800
7,139,4.0,1677427200
7,140,4.8,1677513600
7,141,4.3,1677600000
7,142,4.3,1677686400
7,143,5.0,1677772800
7,144,5.0,1677859200
7,145,5.0,1677945600
7,146,5.0,1678032000
7,147,4.7,1678118400
7,148,4.8,1678204800
7,165,5.0,1678291200
7,166,4.0,1678377600
7,167,4.0,1678464000
7,168,4.0,1678550400
7,169,4.0,1678636800
7,170,4.8,1678723200
7,171,5.0,1678809600
7,172,4.3,1678896000
7,173,4.3,1678982400
7,174,4.0,1679068800
7,175,5.0,1679155200
7,176,4.0,1679241600
8,4,4.6,1679328000
8,8,4.6,1679414400
8,13,3.6,1679500800
8,14,4.1,1679587200
8,19,4.1,1679673600
8,23,4.6,1679760000
8,35,4.3,1679846400
8,36,4.8,1679932800
8,39,4.7,1680019200
8,40,4.7,1680105600
8,49,4.3,1680192000
8,50,5.0,1680278400
8,63,4.0,1680364800
8,64,3.5,1680451200
8,65,4.5,1680537600
8,97,4.5,1680624000
8,102,5.0,1680710400
8,114,5.0,1680796800
8,119,4.1,1680883200
8,149,5.0,1680969600
8,150,4.8,1681056000
8,151,4.8,1681142400
8,152,4.8,1681228800
8,153,4.8,1681315200
8,154,5.0,1681401600
8,156,4.6,1681488000
8,157,4.6,1681574400
8,158,5.0,1681660800
8,159,5.0,1681747200
8,160,5.0,1681833600
8,186,5.0,1681920000
8,187,5.0,1682006400
8,188,4.8,1682092800
8,189,4.8,1682179200
8,192,4.8,1682265600
8,193,5.0,1682352000
8,196,4.8,1682438400
8,198,4.8,1682524800
8,200,5.0,1682611200
9,5,4.6,1682697600
9,12,2.6,1682784000
9,15,3.6,1682870400
9,16,4.1,1682956800
9,26,4.5,1683043200
9,29,5.0,1683129600
9,36,4.8,1683216000
9,37,5.0,1683302400
9,45,4.6,1683388800
9,46,3.0,1683475200
9,66,4.8,1683561600
9,75,4.5,1683648000
9,80,4.8,1683734400
9,94,3.0,1683820800
9,98,4.5,1683907200
9,99,5.0,1683993600
9,101,4.8,1684080000
9,104,4.0,1684166400
9,105,3.5,1684252800
9,106,4.0,1684339200
9,107,3.5,1684425600
9,108,4.0,1684512000
9,109,4.6,1684598400
9,110,4.6,1684684800
9,111,4.5,1684771200
9,112,4.0,1684857600
9,115,5.0,1684944000
9,116,4.6,1685030400
9,117,4.6,1685116800
9,118,4.6,1685203200
9,155,5.0,1685289600
9,161,5.0,1685376000
9,162,4.0,1685462400
9,163,5.0,1685548800
9,178,4.8,1685635200
9,179,4.8,1685721600
9,181,4.6,1685808000
9,183,4.8,1685894400
9,184,4.8,1685980800
9,185,4.8,1686067200
9,191,5.0,1686153600
9,195,5.0,1686240000
9,197,5.0,1686326400
9,199,4.8,1686412800
10,1,4.6,1686499200
10,21,5.0,1686585600
10,27,4.6,1686672000
10,31,4.6,1686758400
10,38,5.0,1686844800
10,40,5.0,1686931200
10,41,5.0,1687017600
10,47,4.6,1687104000
10,48,4.6,1687190400
10,49,4.8,1687276800
10,51,5.0,1687363200
10,76,4.5,1687449600
10,77,4.8,1687536000
10,78,4.8,1687622400
10,79,4.8,1687708800
10,80,4.8,1687795200
10,81,4.8,1687881600
10,82,4.8,1687968000
10,83,4.7,1688054400
10,84,4.8,1688140800
10,85,4.5,1688227200
10,86,4.7,1688313600
10,87,5.0,1688400000
10,88,5.0,1688486400
10,89,5.0,1688572800
10,90,4.7,1688659200
10,91,4.5,1688745600
10,92,5.0,1688832000
10,93,5.0,1688918400
10,149,5.0,1689004800
10,150,4.8,1689091200
10,151,4.8,1689177600
10,152,4.8,1689264000
10,153,4.8,1689350400
10,154,5.0,1689436800
10,156,4.6,1689523200
10,159,5.0,1689609600
10,164,4.7,1689696000
10,177,4.0,1689782400
10,180,4.0,1689868800
10,182,4.8,1689955200
10,190,4.8,1690041600
10,194,4.8,1690128000
11,2,4.6,1690214400
11,3,4.1,1690300800
11,6,4.1,1690387200
11,7,4.6,1690473600
11,8,4.1,1690560000
11,9,3.6,1690646400
11,10,4.1,1690732800
11,12,2.6,1690819200
11,13,3.6,1690905600
11,14,3.6,1690992000
11,15,3.6,1691078400
11,16,4.6,1691164800
11,18,4.6,1691251200
11,23,4.6,1691337600
11,26,4.5,1691424000
11,28,3.5,1691510400
11,29,5.0,1691596800
11,39,4.7,1691683200
11,40,4.7,1691769600
11,42,4.3,1691856000
11,44,4.0,1691942400
11,45,4.6,1692028800
11,46,3.0,1692115200
11,47,4.6,1692201600
11,49,4.8,1692288000
11,50,5.0,1692374400
11,53,4.5,1692460800
11,54,4.8,1692547200
11,56,4.8,1692633600
11,57,4.8,1692720000
11,58,4.8,1692806400
11,59,4.8,1692892800
11,60,5.0,1692979200
11,61,5.0,1693065600
11,63,4.0,1693152000
11,64,3.5,1693238400
11,65,4.5,1693324800
11,66,4.8,1693411200
11,67,4.8,1693497600
11,68,4.8,1693584000
11,69,4.8,1693670400
11,71,4.0,1693756800
11,72,4.3,1693843200
11,73,4.8,1693929600
11,74,4.3,1694016000
11,75,4.5,1694102400
11,77,4.8,1694188800
11,79,4.8,1694275200
11,80,4.8,1694361600
11,82,4.8,1694448000
11,83,4.7,1694534400
11,85,4.0,1694620800
11,86,4.7,1694707200
11,87,5.0,1694793600
11,88,5.0,1694880000
11,89,5.0,1694966400
11,90,4.7,1695052800
11,91,4.0,1695139200
11,92,5.0,1695225600
11,93,5.0,1695312000
11,94,3.0,1695398400
11,97,4.5,1695484800
11,98,4.5,1695571200
11,99,5.0,1695657600
11,100,5.0,1695744000
11,101,4.8,1695830400
11,102,5.0,1695916800
11,103,4.6,1696003200
11,104,3.5,1696089600
11,105,3.0,1696176000
11,106,3.5,1696262400
11,107,3.0,1696348800
11,108,3.5,1696435200
11,109,4.6,1696521600
11,110,4.6,1696608000
11,111,4.5,1696694400
11,112,4.0,1696780800
11,114,5.0,1696867200
11,115,5.0,1696953600
11,116,4.6,1697040000
11,117,4.6,1697126400
11,118,4.6,1697212800
11,119,4.6,1697299200
11,121,4.8,1697385600
11,122,4.7,1697472000
11,124,4.8,1697558400
11,125,4.8,1697644800
11,126,4.8,1697731200
11,127,4.8,1697817600
11,128,4.1,1697904000
11,129,4.7,1697990400
11,131,4.7,1698076800
11,132,4.1,1698163200
11,133,5.0,1698249600
11,134,4.1,1698336000
11,135,4.8,1698422400
11,136,4.1,1698508800
11,137,5.0,1698595200
11,138,4.0,1698681600
11,139,4.0,1698768000
11,140,4.8,1698854400
11,141,4.3,1698940800
11,142,4.3,1699027200
11,143,5.0,1699113600
11,144,5.0,1699200000
11,145,5.0,1699286400
11,146,5.0,1699372800
11,147,4.7,1699459200
11,148,4.8,1699545600
11,155,4.5,1699632000
11,157,4.6,1699718400
11,158,5.0,1699804800
11,160,5.0,1699891200
11,161,5.0,1699977600
11,162,4.0,1700064000
11,163,5.0,1700150400
11,165,5.0,1700236800
11,166,4.0,1700323200
11,167,4.0,1700409600
11,168,4.0,1700496000
11,169,4.0,1700582400
11,170,4.8,1700668800
11,171,5.0,1700755200
11,172,4.3,1700841600
11,173,4.3,1700928000
11,174,4.0,1701014400
11,175,5.0,1701100800
11,176,4.0,1701187200
11,178,4.8,1701273600
11,179,4.8,1701360000
11,181,4.6,1701446400
11,183,4.8,1701532800
11,184,4.8,1701619200
11,185,4.8,1701705600
11,186,5.0,1701792000
11,187,5.0,1701878400
11,188,4.8,1701964800
11,189,4.8,1702051200
11,191,5.0,1702137600
11,192,4.8,1702224000
11,193,5.0,1702310400
11,195,5.0,1702396800
11,196,4.8,1702483200
11,197,5.0,1702569600
11,198,4.8,1702656000
11,199,4.8,1702742400
11,200,5.0,1702828800
12,1,5.0,1702915200
12,4,4.6,1703001600
12,5,4.6,1703088000
12,11,4.6,1703174400
12,17,4.6,1703260800
12,20,4.6,1703347200
12,21,5.0,1703433600
12,22,4.6,1703520000
12,24,5.0,1703606400
12,25,4.6,1703692800
12,27,4.6,1703779200
12,30,4.6,1703865600
12,31,4.6,1703952000
12,32,4.8,1704038400
12,33,5.0,1704124800
12,34,4.8,1704211200
12,35,4.8,1704297600
12,36,4.8,1704384000
12,37,5.0,1704470400
12,38,5.0,1704556800
12,41,5.0,1704643200
12,43,4.8,1704729600
12,48,4.6,1704816000
12,50,5.0,1704902400
12,51,5.0,1704988800
12,52,4.5,1705075200
12,55,4.8,1705161600
12,62,4.7,1705248000
12,70,4.8,1705334400
12,76,4.5,1705420800
12,78,4.2,1705507200
12,81,4.8,1705593600
12,84,4.8,1705680000
12,95,4.6,1705766400
12,96,4.8,1705852800
12,100,5.0,1705939200
12,103,4.6,1706025600
12,113,4.6,1706112000
12,120,4.8,1706198400
12,123,5.0,1706284800
12,130,4.6,1706371200
12,149,5.0,1706457600
12,150,4.8,1706544000
12,151,4.8,1706630400
12,152,4.8,1706716800
12,153,4.8,1706803200
12,154,5.0,1706889600
12,156,4.6,1706976000
12,159,5.0,1707062400
12,164,4.7,1707148800
12,177,4.0,1707235200
12,180,4.0,1707321600
12,182,4.8,1707408000
12,190,4.8,1707494400
12,194,4.8,1707580800
13,6,4.1,1707667200
13,9,3.6,1707753600
13,10,4.1,1707840000
13,16,4.1,1707926400
13,18,4.6,1708012800
13,24,5.0,1708099200
13,26,4.5,1708185600
13,28,3.5,1708272000
13,29,5.0,1708358400
13,45,4.6,1708444800
13,46,3.0,1708531200
13,47,4.6,1708617600
13,66,4.8,1708704000
13,75,4.5,1708790400
13,80,4.8,1708876800
13,94,3.0,1708963200
13,98,4.5,1709049600
13,99,5.0,1709136000
13,101,4.8,1709222400
13,104,4.0,1709308800
13,105,3.5,1709395200
13,106,4.0,1709481600
13,107,3.5,1709568000
13,108,4.0,1709654400
13,109,4.6,1709740800
13,110,4.6,1709827200
13,111,4.5,1709913600
13,112,4.0,1710000000
13,115,5.0,1710086400
13,116,4.6,1710172800
13,117,4.6,1710259200
13,118,4.6,1710345600
13,155,5.0,1710432000
13,161,5.0,1710518400
13,162,4.0,1710604800
13,163,5.0,1710691200
13,178,4.8,1710777600
13,179,4.8,1710864000
13,181,4.6,1710950400
13,183,4.8,1711036800
13,184,4.8,1711123200
13,185,4.8,1711209600
13,191,5.0,1711296000
13,195,5.0,1711382400
13,197,5.0,1711468800
13,199,4.8,1711555200
14,3,4.1,1711641600
14,7,4.6,1711728000
14,11,4.6,1711814400
14,17,4.6,1711900800
14,20,4.6,1711987200
14,30,4.6,1712073600
14,32,5.0,1712160000
14,33,4.8,1712246400
14,34,4.8,1712332800
14,42,4.8,1712419200
14,44,4.0,1712505600
14,53,4.5,1712592000
14,54,4.8,1712678400
14,56,4.8,1712764800
14,57,4.8,1712851200
14,58,4.8,1712937600
14,59,4.8,1713024000
14,60,5.0,1713110400
14,61,5.0,1713196800
14,67,4.8,1713283200
14,68,4.8,1713369600
14,69,4.8,1713456000
14,71,4.0,1713542400
14,72,4.3,1713628800
14,73,4.8,1713715200
14,74,4.3,1713801600
14,77,4.8,1713888000
14,79,4.8,1713974400
14,82,4.8,1714060800
14,83,4.7,1714147200
14,85,4.0,1714233600
14,86,4.7,1714320000
14,87,5.0,1714406400
14,88,5.0,1714492800
14,89,5.0,1714579200
14,90,4.7,1714665600
14,91,4.0,1714752000
14,92,5.0,1714838400
14,93,5.0,1714924800
14,121,4.8,1715011200
14,122,4.7,1715097600
14,124,4.8,1715184000
14,125,4.8,1715270400
14,126,4.8,1715356800
14,127,4.8,1715443200
14,128,4.1,1715529600
14,129,4.7,1715616000
14,131,4.7,1715702400
14,132,4.1,1715788800
14,133,5.0,1715875200
14,134,4.1,1715961600
14,135,4.8,1716048000
14,136,4.1,1716134400
14,137,5.0,1716220800
14,138,4.0,1716307200
14,139,4.0,1716393600
14,140,4.8,1716480000
14,141,4.3,1716566400
14,142,4.3,1716652800
14,143,5.0,1716739200
14,144,5.0,1716825600
14,145,5.0,1716912000
14,146,5.0,1716998400
14,147,4.7,1717084800
14,148,4.8,1717171200
14,165,5.0,1717257600
14,166,4.0,1717344000
14,167,4.0,1717430400
14,168,4.0,1717516800
14,169,4.0,1717603200
14,170,4.8,1717689600
14,171,5.0,1717776000
14,172,4.3,1717862400
14,173,4.3,1717948800
14,174,4.0,1718035200
14,175,5.0,1718121600
14,176,4.0,1718208000
15,4,4.6,1718294400
15,8,4.6,1718380800
15,13,3.6,1718467200
15,14,4.1,1718553600
15,19,4.1,1718640000
15,23,4.6,1718726400
15,35,4.3,1718812800
15,36,4.8,1718899200
15,39,4.7,1718985600
15,40,4.7,1719072000
15,49,4.3,1719158400
15,50,5.0,1719244800
15,63,4.0,1719331200
15,64,3.5,1719417600
15,65,4.5,1719504000
15,97,4.5,1719590400
15,102,5.0,1719676800
15,114,5.0,1719763200
15,119,4.6,1719849600
15,149,5.0,1719936000
15,150,4.8,1720022400
15,151,4.8,1720108800
15,152,4.8,1720195200
15,153,4.8,1720281600
15,154,5.0,1720368000
15,156,4.6,1720454400
15,157,4.6,1720540800
15,158,5.0,1720627200
15,159,5.0,1720713600
15,160,5.0,1720800000
15,186,5.0,1720886400
15,187,5.0,1720972800
15,188,4.8,1721059200
15,189,4.8,1721145600
15,192,4.8,1721232000
15,193,5.0,1721318400
15,196,4.8,1721404800
15,198,4.8,1721491200
15,200,5.0,1721577600
16,5,4.6,1721664000
16,12,2.6,1721750400
16,15,3.6,1721836800
16,16,4.1,1721923200
16,26,4.5,1722009600
16,29,5.0,1722096000
16,36,4.8,1722182400
16,37,5.0,1722268800
16,45,4.6,1722355200
16,46,3.0,1722441600
16,66,4.8,1722528000
16,75,4.5,1722614400
16,80,4.8,1722700800
16,94,3.0,1722787200
16,98,4.5,1722873600
16,99,5.0,1722960000
16,101,4.8,1723046400
16,104,4.0,1723132800
16,105,3.5,1723219200
16,106,4.0,1723305600
16,107,3.5,1723392000
16,108,4.0,1723478400
16,109,4.6,1723564800
16,110,4.6,1723651200
16,111,4.5,1723737600
16,112,4.0,1723824000
16,115,5.0,1723910400
16,116,4.6,1723996800
16,117,4.6,1724083200
16,118,4.6,1724169600
16,155,5.0,1724256000
16,161,5.0,1724342400
16,162,4.0,1724428800
16,163,5.0,1724515200
16,178,4.8,1724601600
16,179,4.8,1724688000
16,181,4.6,1724774400
16,183,4.8,1724860800
16,184,4.8,1724947200
16,185,4.8,1725033600
16,191,5.0,1725120000
16,195,5.0,1725206400
16,197,5.0,1725292800
16,199,4.8,1725379200
17,1,4.6,1725465600
17,21,5.0,1725552000
17,27,4.6,1725638400
17,31,4.6,1725724800
17,38,5.0,1725811200
17,40,5.0,1725897600
17,41,5.0,1725984000
17,47,4.6,1726070400
17,48,4.6,1726156800
17,49,4.8,1726243200
17,51,5.0,1726329600
17,76,4.5,1726416000
17,77,4.8,1726502400
17,78,4.8,1726588800
17,79,4.8,1726675200
17,80,4.8,1726761600
17,81,4.8,1726848000
17,82,4.8,1726934400
17,83,4.7,1727020800
17,84,4.8,1727107200
17,85,4.5,1727193600
17,86,4.7,1727280000
17,87,5.0,1727366400
17,88,5.0,1727452800
17,89,5.0,1727539200
17,90,4.7,1727625600
17,91,4.5,1727712000
17,92,5.0,1727798400
17,93,5.0,1727884800
17,149,5.0,1727971200
17,150,4.8,1728057600
17,151,4.8,1728144000
17,152,4.8,1728230400
17,153,4.8,1728316800
17,154,5.0,1728403200
17,156,4.6,1728489600
17,159,5.0,1728576000
17,164,4.7,1728662400
17,177,4.0,1728748800
17,180,4.0,1728835200
17,182,4.8,1728921600
17,190,4.8,1729008000
17,194,4.8,1729094400
18,2,4.6,1729180800
18,3,4.1,1729267200
18,6,4.1,1729353600
18,7,4.6,1729440000
18,8,4.6,1729526400
18,9,3.6,1729612800
18,10,4.1,1729699200
18,12,2.6,1729785600
18,13,3.6,1729872000
18,14,3.6,1729958400
18,15,3.6,1730044800
18,16,4.6,1730131200
18,18,4.6,1730217600
18,23,4.6,1730304000
18,26,4.5,1730390400
18,28,3.5,1730476800
18,29,5.0,1730563200
18,39,4.7,1730649600
18,40,4.7,1730736000
18,42,4.3,1730822400
18,44,4.0,1730908800
18,45,4.6,1730995200
18,46,3.0,1731081600
18,47,4.6,1731168000
18,49,4.8,1731254400
18,50,5.0,1731340800
18,53,4.5,1731427200
18,54,4.8,1731513600
18,56,4.8,1731600000
18,57,4.8,1731686400
18,58,4.8,1731772800
18,59,4.8,1731859200
18,60,5.0,1731945600
18,61,5.0,1732032000
18,63,4.0,1732118400
18,64,3.5,1732204800
18,65,4.5,1732291200
18,66,4.8,1732377600
18,67,4.8,1732464000
18,68,4.8,1732550400
18,69,4.8,1732636800
18,71,4.0,1732723200
18,72,4.3,1732809600
18,73,4.8,1732896000
18,74,4.3,1732982400
18,75,4.5,1733068800
18,77,4.8,1733155200
18,79,4.8,1733241600
18,80,4.8,1733328000
18,82,4.8,1733414400
18,83,4.7,1733500800
18,85,4.0,1733587200
18,86,4.7,1733673600
18,87,5.0,1733760000
18,88,5.0,1733846400
18,89,5.0,1733932800
18,90,4.7,1734019200
18,91,4.0,1734105600
18,92,5.0,1734192000
18,93,5.0,1734278400
18,94,3.0,1734364800
18,97,4.5,1734451200
18,98,4.5,1734537600
18,99,5.0,1734624000
18,100,5.0,1734710400
18,101,4.8,1734796800
18,102,5.0,1734883200
18,103,4.6,1734969600
18,104,3.5,1735056000
18,105,3.0,1735142400
18,106,3.5,1735228800
18,107,3.0,1735315200
18,108,3.5,1735401600
18,109,4.6,1735488000
18,110,4.6,1735574400
18,111,4.5,1735660800
18,112,4.0,1735747200
18,114,5.0,1735833600
18,115,5.0,1735920000
18,116,4.6,1736006400
18,117,4.6,1736092800
18,118,4.6,1736179200
18,119,4.6,1736265600
18,121,4.8,1736352000
18,122,4.7,1736438400
18,124,4.8,1736524800
18,125,4.8,1736611200
18,126,4.8,1736697600
18,127,4.8,1736784000
18,128,4.1,1736870400
18,129,4.7,1736956800
18,131,4.7,1737043200
18,132,4.1,1737129600
18,133,5.0,1737216000
18,134,4.1,1737302400
18,135,4.8,1737388800
18,136,4.1,1737475200
18,137,5.0,1737561600
18,138,4.0,1737648000
18,139,4.0,1737734400
18,140,4.8,1737820800
18,141,4.3,1737907200
18,142,4.3,1737993600
18,143,5.0,1738080000
18,144,5.0,1738166400
18,145,5.0,1738252800
18,146,5.0,1738339200
18,147,4.7,1738425600
18,148,4.8,1738512000
18,155,4.5,1738598400
18,157,4.6,1738684800
18,158,5.0,1738771200
18,160,5.0,1738857600
18,161,5.0,1738944000
18,162,4.0,1739030400
18,163,5.0,1739116800
18,165,5.0,1739203200
18,166,4.0,1739289600
18,167,4.0,1739376000
18,168,4.0,1739462400
18,169,4.0,1739548800
18,170,4.8,1739635200
18,171,5.0,1739721600
18,172,4.3,1739808000
18,173,4.3,1739894400
18,174,4.0,1739980800
18,175,5.0,1740067200
18,176,4.0,1740153600
18,178,4.8,1740240000
18,179,4.8,1740326400
18,181,4.6,1740412800
18,183,4.8,1740499200
18,184,4.8,1740585600
18,185,4.8,1740672000
18,186,5.0,1740758400
18,187,5.0,1740844800
18,188,4.8,1740931200
18,189,4.8,1741017600
18,191,5.0,1741104000
18,192,4.8,1741190400
18,193,5.0,1741276800
18,195,5.0,1741363200
18,196,4.8,1741449600
18,197,5.0,1741536000
18,198,4.8,1741622400
18,199,4.8,1741708800
18,200,5.0,1741795200
19,1,5.0,1741881600
19,4,4.6,1741968000
19,5,4.6,1742054400
19,11,4.6,1742140800
19,17,4.6,1742227200
19,20,4.6,1742313600
19,21,5.0,1742400000
19,22,4.6,1742486400
19,24,5.0,1742572800
19,25,4.6,1742659200
19,27,4.6,1742745600
19,30,4.6,1742832000
19,31,4.6,1742918400
19,32,4.8,1743004800
19,33,5.0,1743091200
19,34,4.8,1743177600
19,35,4.8,1743264000
19,36,4.8,1743350400
19,37,5.0,1743436800
19,38,5.0,1743523200
19,41,5.0,1743609600
19,43,4.8,1743696000
19,48,4.6,1743782400
19,50,5.0,1743868800
19,51,5.0,1743955200
19,52,4.5,1744041600
19,55,4.8,1744128000
19,62,4.7,1744214400
19,70,4.8,1744300800
19,76,4.5,1744387200
19,78,4.2,1744473600
19,81,4.8,1744560000
19,84,4.8,1744646400
19,95,4.6,1744732800
19,96,4.8,1744819200
19,100,5.0,1744905600
19,103,4.6,1744992000
19,113,4.6,1745078400
19,120,4.8,1745164800
19,123,5.0,1745251200
19,130,4.6,1745337600
19,149,5.0,1745424000
19,150,4.8,1745510400
19,151,4.8,1745596800
19,152,4.8,1745683200
19,153,4.8,1745769600
19,154,5.0,1745856000
19,156,4.6,1745942400
19,159,5.0,1746028800
19,164,4.7,1746115200
19,177,4.0,1746201600
19,180,4.0,1746288000
19,182,4.8,1746374400
19,190,4.8,1746460800
19,194,4.8,1746547200
20,6,4.1,1746633600
20,9,3.6,1746720000
20,10,4.1,1746806400
20,16,4.1,1746892800
20,18,4.6,1746979200
20,24,5.0,1747065600
20,26,4.5,1747152000
20,28,3.5,1747238400
20,29,5.0,1747324800
20,45,4.6,1747411200
20,46,3.0,1747497600
20,47,4.6,1747584000
20,66,4.8,1747670400
20,75,4.5,1747756800
20,80,4.8,1747843200
20,94,3.0,1747929600
20,98,4.5,1748016000
20,99,5.0,1748102400
20,101,4.8,1748188800
20,104,4.0,1748275200
20,105,3.5,1748361600
20,106,4.0,1748448000
20,107,3.5,1748534400
20,108,4.0,1748620800
20,109,4.6,1748707200
20,110,4.6,1748793600
20,111,4.5,1748880000
20,112,4.0,1748966400
20,115,5.0,1749052800
20,116,4.6,1749139200
20,117,4.6,1749225600
20,118,4.6,1749312000
20,155,5.0,1749398400
20,161,5.0,1749484800
20,162,4.0,1749571200
20,163,5.0,1749657600
20,178,4.8,1749744000
20,179,4.8,1749830400
20,181,4.6,1749916800
20,183,4.8,1750003200
20,184,4.8,1750089600
20,185,4.8,1750176000
20,191,5.0,1750262400
20,195,5.0,1750348800
20,197,5.0,1750435200
20,199,4.8,1750521600
21,3,5.0,1746544000
21,7,4.5,1746630400
21,11,5.0,1746716800
21,17,4.5,1746803200
21,20,5.0,1746889600
21,30,4.5,1746976000
21,32,5.0,1747062400
21,33,4.5,1747148800
21,34,5.0,1747235200
21,42,4.5,1747321600
21,44,4.0,1747408000
21,53,4.5,1747494400
21,54,5.0,1747580800
21,56,4.5,1747667200
21,57,5.0,1747753600
21,58,4.5,1747840000
21,59,5.0,1747926400
21,60,4.5,1748012800
21,61,5.0,1748099200
21,67,4.5,1748185600
21,68,5.0,1748272000
21,69,4.5,1748358400
21,71,4.0,1748444800
21,72,4.5,1748531200
21,73,5.0,1748617600
21,74,4.5,1748704000
21,77,5.0,1748790400
21,79,4.5,1748876800
21,82,5.0,1748963200
21,83,4.5,1749049600
21,85,4.0,1749136000
21,86,4.5,1749222400
21,87,5.0,1749308800
21,88,4.5,1749395200
21,89,5.0,1749481600
21,90,4.5,1749568000
21,91,4.0,1749654400
21,92,4.5,1749740800
21,93,4.0,1749827200
21,121,4.5,1749913600
21,122,4.0,1750000000
21,124,4.5,1750086400
21,125,4.0,1750172800
21,126,4.5,1750259200
21,127,4.0,1750345600
21,128,4.5,1750432000
21,129,4.0,1750518400
21,131,4.5,1750604800
21,132,4.0,1750691200
21,133,4.5,1750777600
21,134,4.0,1750864000
21,135,4.5,1750950400
21,136,4.0,1751036800
21,137,4.5,1751123200
21,138,4.0,1751209600
21,139,4.5,1751296000
21,140,4.0,1751382400
21,141,4.5,1751468800
21,142,4.0,1751555200
21,143,4.5,1751641600
21,144,4.0,1751728000
21,145,4.5,1751814400
21,146,4.0,1751900800
21,147,4.5,1751987200
21,148,4.0,1752073600
21,165,4.5,1752160000
21,166,4.0,1752246400
21,167,4.5,1752332800
21,168,4.0,1752419200
21,169,4.5,1752505600
21,170,4.0,1752592000
21,171,4.5,1752678400
21,172,4.0,1752764800
21,173,4.5,1752851200
21,174,4.0,1752937600
21,175,4.5,1753024000
21,176,4.0,1753110400
22,4,4.5,1753196800
22,8,5.0,1753283200
22,13,4.0,1753369600
22,14,4.5,1753456000
22,19,4.0,1753542400
22,23,4.5,1753628800
22,35,4.0,1753715200
22,36,4.5,1753801600
22,39,4.0,1753888000
22,40,4.5,1753974400
22,49,4.0,1754060800
22,50,4.5,1754147200
22,63,4.0,1754233600
22,64,3.5,1754320000
22,65,4.0,1754406400
22,97,4.5,1754492800
22,102,4.0,1754579200
22,114,4.5,1754665600
22,119,4.0,1754752000
22,149,5.0,1754838400
22,150,5.0,1754924800
22,151,5.0,1755011200
22,152,4.5,1755097600
22,153,5.0,1755184000
22,154,4.5,1755270400
22,156,5.0,1755356800
22,157,4.5,1755443200
22,158,4.0,1755529600
22,159,4.5,1755616000
22,160,4.0,1755702400
22,186,4.5,1755788800
22,187,4.0,1755875200
22,188,4.5,1755961600
22,189,4.0,1756048000
22,192,4.5,1756134400
22,193,4.0,1756220800
22,196,4.5,1756307200
22,198,4.0,1756393600
22,200,4.5,1756480000
23,5,5.0,1756566400
23,12,3.0,1756652800
23,15,4.5,1756739200
23,16,4.0,1756825600
23,26,4.5,1756912000
23,29,4.0,1756998400
23,36,4.5,1757084800
23,37,4.0,1757171200
23,45,4.5,1757257600
23,46,4.0,1757344000
23,66,4.5,1757430400
23,75,4.0,1757516800
23,80,4.5,1757603200
23,94,2.0,1757689600
23,98,4.0,1757776000
23,99,4.5,1757862400
23,101,4.0,1757948800
23,104,3.5,1758035200
23,105,3.0,1758121600
23,106,3.5,1758208000
23,107,2.5,1758294400
23,108,4.0,1758380800
23,109,4.5,1758467200
23,110,4.0,1758553600
23,111,3.5,1758640000
23,112,3.0,1758726400
23,115,4.5,1758812800
23,116,4.0,1758899200
23,117,4.5,1758985600
23,118,4.0,1759072000
23,155,4.5,1759158400
23,161,4.0,1759244800
23,162,3.5,1759331200
23,163,4.0,1759417600
23,178,4.5,1759504000
23,179,4.0,1759590400
23,181,4.5,1759676800
23,183,5.0,1759763200
23,184,4.5,1759849600
23,185,5.0,1759936000
23,191,4.0,1760022400
23,195,4.5,1760108800
23,197,4.0,1760195200
23,199,4.5,1760281600
24,1,4.5,1760368000
24,21,5.0,1760454400
24,27,4.5,1760540800
24,31,5.0,1760627200
24,38,4.5,1760713600
24,40,5.0,1760800000
24,41,4.5,1760886400
24,47,5.0,1760972800
24,48,4.5,1761059200
24,49,5.0,1761145600
24,51,4.5,1761232000
24,76,5.0,1761318400
24,77,4.5,1761404800
24,78,5.0,1761491200
24,79,4.5,1761577600
24,80,5.0,1761664000
24,81,4.5,1761750400
24,82,5.0,1761836800
24,83,4.5,1761923200
24,84,5.0,1762009600
24,85,4.5,1762096000
24,86,5.0,1762182400
24,87,4.5,1762268800
24,88,5.0,1762355200
24,89,4.5,1762441600
24,90,5.0,1762528000
24,91,4.5,1762614400
24,92,5.0,1762700800
24,93,4.5,1762787200
24,149,5.0,1762873600
24,150,5.0,1762960000
24,151,5.0,1763046400
24,152,4.5,1763132800
24,153,5.0,1763219200
24,154,4.5,1763305600
24,156,5.0,1763392000
24,159,4.5,1763478400
24,164,4.0,1763564800
24,177,4.5,1763651200
24,180,4.0,1763737600
24,182,4.5,1763824000
24,190,4.5,1763910400
24,194,4.0,1763996800
25,2,4.5,1764083200
25,3,4.0,1764169600
25,6,4.5,1764256000
25,7,4.0,1764342400
25,8,4.5,1764428800
25,9,3.5,1764515200
25,10,4.0,1764601600
25,12,3.0,1764688000
25,13,4.0,1764774400
25,14,3.5,1764860800
25,15,4.0,1764947200
25,16,4.5,1765033600
25,18,4.0,1765120000
25,23,4.5,1765206400
25,26,4.0,1765292800
25,28,3.5,1765379200
25,29,4.0,1765465600
25,39,4.5,1765552000
25,40,4.0,1765638400
25,42,3.5,1765724800
25,44,4.0,1765811200
25,45,4.5,1765897600
25,46,3.0,1765984000
25,47,4.0,1766070400
25,49,4.5,1766156800
25,50,4.0,1766243200
25,53,4.5,1766329600
25,54,4.0,1766416000
25,56,4.5,1766502400
25,57,4.0,1766588800
25,58,4.5,1766675200
25,59,4.0,1766761600
25,60,4.5,1766848000
25,61,4.0,1766934400
25,63,3.5,1767020800
25,64,3.0,1767107200
25,65,4.0,1767193600
25,66,4.5,1767280000
25,67,4.0,1767366400
25,68,4.5,1767452800
25,69,4.0,1767539200
25,71,3.5,1767625600
25,72,4.0,1767712000
25,73,4.5,1767798400
25,74,4.0,1767884800
25,75,4.5,1767971200
25,77,4.0,1768057600
25,79,4.5,1768144000
25,80,4.0,1768230400
25,82,4.5,1768316800
25,83,4.0,1768403200
25,85,3.5,1768489600
25,86,4.0,1768576000
25,87,4.5,1768662400
25,88,4.0,1768748800
25,89,4.5,1768835200
25,90,4.0,1768921600
25,91,3.5,1769008000
25,92,4.0,1769094400
25,93,4.5,1769180800
25,94,2.0,1769267200
25,97,4.0,1769353600
25,98,4.5,1769440000
25,99,4.0,1769526400
25,100,4.5,1769612800
25,101,4.0,1769699200
25,102,4.5,1769785600
25,103,4.0,1769872000
25,104,3.0,1769958400
25,105,2.5,1770044800
25,106,3.0,1770131200
25,107,2.0,1770217600
25,108,3.5,1770304000
25,109,4.0,1770390400
25,110,4.5,1770476800
25,111,4.0,1770563200
25,112,3.5,1770649600
25,114,4.0,1770736000
25,115,4.5,1770822400
25,116,4.0,1770908800
25,117,4.5,1770995200
25,118,4.0,1771081600
25,119,4.5,1771168000
25,121,4.0,1771254400
25,122,4.5,1771340800
25,124,4.0,1771427200
25,125,4.5,1771513600
25,126,4.0,1771600000
25,127,4.5,1771686400
25,128,4.0,1771772800
25,129,4.5,1771859200
25,131,4.0,1771945600
25,132,4.5,1772032000
25,133,4.0,1772118400
25,134,4.5,1772204800
25,135,4.0,1772291200
25,136,4.5,1772377600
25,137,4.0,1772464000
25,138,4.5,1772550400
25,139,4.0,1772636800
25,140,4.5,1772723200
25,141,4.0,1772809600
25,142,4.5,1772896000
25,143,4.0,1772982400
25,144,4.5,1773068800
25,145,4.0,1773155200
25,146,4.5,1773241600
25,147,4.0,1773328000
25,148,4.5,1773414400
25,155,4.0,1773500800
25,157,4.5,1773587200
25,158,4.0,1773673600
25,160,4.5,1773760000
25,161,4.0,1773846400
25,162,3.5,1773932800
25,163,4.0,1774019200
25,165,4.5,1774105600
25,166,4.0,1774192000
25,167,4.5,1774278400
25,168,4.0,1774364800
25,169,4.5,1774451200
25,170,4.0,1774537600
25,171,4.5,1774624000
25,172,4.0,1774710400
25,173,4.5,1774796800
25,174,4.0,1774883200
25,175,5.0,1774969600
25,176,4.0,1775056000
25,178,4.5,1775142400
25,179,4.0,1775228800
25,181,4.5,1775315200
25,183,5.0,1775401600
25,184,4.5,1775488000
25,185,5.0,1775574400
25,186,4.5,1775660800
25,187,4.0,1775747200
25,188,4.5,1775833600
25,189,4.0,1775920000
25,191,4.5,1776006400
25,192,4.0,1776092800
25,193,4.5,1776179200
25,195,4.0,1776265600
25,196,4.5,1776352000
25,197,4.0,1776438400
25,198,4.5,1776524800
25,199,4.0,1776611200
25,200,4.5,1776697600
26,1,5.0,1776784000
26,4,4.5,1776870400
26,5,5.0,1776956800
26,11,4.5,1777043200
26,17,5.0,1777129600
26,20,4.5,1777216000
26,21,5.0,1777302400
26,22,4.5,1777388800
26,24,5.0,1777475200
26,25,4.5,1777561600
26,27,5.0,1777648000
26,30,4.5,1777734400
26,31,5.0,1777820800
26,32,4.5,1777907200
26,33,5.0,1777993600
26,34,4.5,1778080000
26,35,5.0,1778166400
26,36,4.5,1778252800
26,37,5.0,1778339200
26,38,4.5,1778425600
26,41,5.0,1778512000
26,43,4.5,1778598400
26,48,5.0,1778684800
26,50,4.5,1778771200
26,51,5.0,1778857600
26,52,4.5,1778944000
26,55,5.0,1779030400
26,62,4.5,1779116800
26,70,5.0,1779203200
26,76,4.5,1779289600
26,78,4.0,1779376000
26,81,4.5,1779462400
26,84,4.0,1779548800
26,95,5.0,1779635200
26,96,5.0,1779721600
26,100,4.5,1779808000
26,103,5.0,1779894400
26,113,4.5,1779980800
26,120,5.0,1780067200
26,123,4.5,1780153600
26,130,5.0,1780240000
26,149,5.0,1780326400
26,150,5.0,1780412800
26,151,5.0,1780499200
26,152,4.5,1780585600
26,153,5.0,1780672000
26,154,4.5,1780758400
26,156,5.0,1780844800
26,159,4.5,1780931200
26,164,4.0,1781017600
26,175,5.0,1774969600
26,177,4.5,1781104000
26,180,4.0,1781190400
26,182,4.5,1781276800
26,190,4.5,1781363200
26,194,4.0,1781449600
27,6,4.0,1781536000
27,9,3.5,1781622400
27,10,4.0,1781708800
27,16,4.5,1781795200
27,18,4.0,1781881600
27,24,4.5,1781968000
27,26,4.0,1782054400
27,28,3.5,1782140800
27,29,4.0,1782227200
27,45,4.5,1782313600
27,46,4.0,1782400000
27,47,4.5,1782486400
27,66,4.0,1782572800
27,75,4.5,1782659200
27,80,4.0,1782745600
27,94,2.5,1782832000
27,98,4.0,1782918400
27,99,4.5,1783004800
27,101,4.0,1783091200
27,104,3.5,1783177600
27,105,3.0,1783264000
27,106,3.5,1783350400
27,107,2.5,1783436800
27,108,4.0,1783523200
27,109,4.5,1783609600
27,110,4.0,1783696000
27,111,3.5,1783782400
27,112,3.0,1783868800
27,115,4.5,1783955200
27,116,4.0,1784041600
27,117,4.5,1784128000
27,118,4.0,1784214400
27,155,4.5,1784300800
27,161,4.0,1784387200
27,162,3.5,1784473600
27,163,4.0,1784560000
27,175,5.0,1774969600
27,178,4.5,1784646400
27,179,4.0,1784732800
27,181,4.5,1784819200
27,183,5.0,1784905600
27,184,4.5,1784992000
27,185,5.0,1785078400
27,191,4.0,1785164800
27,195,4.5,1785251200
27,197,4.0,1785337600
27,199,4.5,1785424000
28,3,5.0,1785510400
28,7,4.5,1785596800
28,11,5.0,1785683200
28,17,4.5,1785769600
28,20,5.0,1785856000
28,30,4.5,1785942400
28,32,5.0,1786028800
28,33,4.5,1786115200
28,34,5.0,1786201600
28,42,4.5,1786288000
28,44,4.0,1786374400
28,53,4.5,1786460800
28,54,5.0,1786547200
28,56,4.5,1786633600
28,57,5.0,1786720000
28,58,4.5,1786806400
28,59,5.0,1786892800
28,60,4.5,1786979200
28,61,5.0,1787065600
28,67,4.5,1787152000
28,68,5.0,1787238400
28,69,4.5,1787324800
28,71,4.0,1787411200
28,72,4.5,1787497600
28,73,5.0,1787584000
28,74,4.5,1787670400
28,77,5.0,1787756800
28,79,4.5,1787843200
28,82,5.0,1787929600
28,83,4.5,1788016000
28,85,4.0,1788102400
28,86,4.5,1788188800
28,87,5.0,1788275200
28,88,4.5,1788361600
28,89,5.0,1788448000
28,90,4.5,1788534400
28,91,4.0,1788620800
28,92,4.5,1788707200
28,93,4.0,1788793600
28,121,4.5,1788880000
28,122,4.0,1788966400
28,124,4.5,1789052800
28,125,4.0,1789139200
28,126,4.5,1789225600
28,127,4.0,1789312000
28,128,4.5,1789398400
28,129,4.0,1789484800
28,131,4.5,1789571200
28,132,4.0,1789657600
28,133,4.5,1789744000
28,134,4.0,1789830400
28,135,4.5,1789916800
28,136,4.0,1790003200
28,137,4.5,1790089600
28,138,4.0,1790176000
28,139,4.5,1790262400
28,140,4.0,1790348800
28,141,4.5,1790435200
28,142,4.0,1790521600
28,143,4.5,1790608000
28,144,4.0,1790694400
28,145,4.5,1790780800
28,146,4.0,1790867200
28,147,4.5,1790953600
28,148,4.0,1791040000
28,165,4.5,1791126400
28,166,4.0,1791212800
28,167,4.5,1791299200
28,168,4.0,1791385600
28,169,4.5,1791472000
28,170,4.0,1791558400
28,171,4.5,1791644800
28,172,4.0,1791731200
28,173,4.5,1791817600
28,174,4.0,1791904000
28,175,4.5,1791990400
28,176,4.0,1792076800
29,4,4.5,1792163200
29,8,5.0,1792249600
29,13,4.0,1792336000
29,14,4.5,1792422400
29,19,4.0,1792508800
29,23,4.5,1792595200
29,35,4.0,1792681600
29,36,4.5,1792768000
29,39,4.0,1792854400
29,40,4.5,1792940800
29,49,4.0,1793027200
29,50,4.5,1793113600
29,63,4.0,1793200000
29,64,3.5,1793286400
29,65,4.0,1793372800
29,97,4.5,1793459200
29,102,4.0,1793545600
29,114,4.5,1793632000
29,119,4.0,1793718400
29,149,5.0,1793804800
29,150,5.0,1793891200
29,151,5.0,1793977600
29,152,4.5,1794064000
29,153,5.0,1794150400
29,154,4.5,1794236800
29,156,5.0,1794323200
29,157,4.5,1794409600
29,158,4.0,1794496000
29,159,4.5,1794582400
29,160,4.0,1794668800
29,175,5.0,1774969600
29,186,4.5,1794755200
29,187,4.0,1794841600
29,188,4.5,1794928000
29,189,4.0,1795014400
29,192,4.5,1795100800
29,193,4.0,1795187200
29,196,4.5,1795273600
29,198,4.0,1795360000
29,200,4.5,1795446400
30,5,5.0,1795532800
30,12,3.0,1795619200
30,15,4.5,1795705600
30,16,4.0,1795792000
30,26,4.5,1795878400
30,29,4.0,1795964800
30,36,4.5,1796051200
30,37,4.0,1796137600
30,45,4.5,1796224000
30,46,4.0,1796310400
30,66,4.5,1796396800
30,75,4.0,1796483200
30,80,4.5,1796569600
30,94,2.0,1796656000
30,98,4.0,1796742400
30,99,4.5,1796828800
30,101,4.0,1796915200
30,104,3.5,1797001600
30,105,3.0,1797088000
30,106,3.5,1797174400
30,107,2.5,1797260800
30,108,4.0,1797347200
30,109,4.5,1797433600
30,110,4.0,1797520000
30,111,3.5,1797606400
30,112,3.0,1797692800
30,115,4.5,1797779200
30,116,4.0,1797865600
30,117,4.5,1797952000
30,118,4.0,1798038400
30,155,4.5,1798124800
30,161,4.0,1798211200
30,162,3.5,1798297600
30,163,4.0,1798384000
30,178,4.5,1798470400
30,179,4.0,1798556800
30,181,4.5,1798643200
30,183,5.0,1798729600
30,184,4.5,1798816000
30,185,5.0,1798902400
30,191,4.0,1798988800
30,195,4.5,1799075200
30,197,4.0,1799161600
30,199,4.5,1799248000
31,1,4.5,1799334400
31,21,5.0,1799420800
31,27,4.5,1799507200
31,31,5.0,1799593600
31,38,4.5,1799680000
31,40,5.0,1799766400
31,41,4.5,1799852800
31,47,5.0,1799939200
31,48,4.5,1800025600
31,49,5.0,1800112000
31,51,4.5,1800198400
31,76,5.0,1800284800
31,77,4.5,1800371200
31,78,5.0,1800457600
31,79,4.5,1800544000
31,80,5.0,1800630400
31,81,4.5,1800716800
31,82,5.0,1800803200
31,83,4.5,1800889600
31,84,5.0,1800976000
31,85,4.5,1801062400
31,86,5.0,1801148800
31,87,4.5,1801235200
31,88,5.0,1801321600
31,89,4.5,1801408000
31,90,5.0,1801494400
31,91,4.5,1801580800
31,92,5.0,1801667200
31,93,4.5,1801753600
31,149,5.0,1801840000
31,150,5.0,1801926400
31,151,5.0,1802012800
31,152,4.5,1802099200
31,153,5.0,1802185600
31,154,4.5,1802272000
31,156,5.0,1802358400
31,159,4.5,1802444800
31,164,4.0,1802531200
31,175,5.0,1774969600
31,177,4.5,1802617600
31,180,4.0,1802704000
31,182,4.5,1802790400
31,190,4.5,1802876800
31,194,4.0,1802963200
32,2,4.5,1803049600
32,3,4.0,1803136000
32,6,4.5,1803222400
32,7,4.0,1803308800
32,8,4.5,1803395200
32,9,3.5,1803481600
32,10,4.0,1803568000
32,12,3.0,1803654400
32,13,4.0,1803740800
32,14,3.5,1803827200
32,15,4.0,1803913600
32,16,4.5,1804000000
32,18,4.0,1804086400
32,23,4.5,1804172800
32,26,4.0,1804259200
32,28,3.5,1804345600
32,29,4.0,1804432000
32,39,4.5,1804518400
32,40,4.0,1804604800
32,42,3.5,1804691200
32,44,4.0,1804777600
32,45,4.5,1804864000
32,46,3.0,1804950400
32,47,4.0,1805036800
32,49,4.5,1805123200
32,50,4.0,1805209600
32,53,4.5,1805296000
32,54,4.0,1805382400
32,56,4.5,1805468800
32,57,4.0,1805555200
32,58,4.5,1805641600
32,59,4.0,1805728000
32,60,4.5,1805814400
32,61,4.0,1805900800
32,63,3.5,1805987200
32,64,3.0,1806073600
32,65,4.0,1806160000
32,66,4.5,1806246400
32,67,4.0,1806332800
32,68,4.5,1806419200
32,69,4.0,1806505600
32,71,3.5,1806592000
32,72,4.0,1806678400
32,73,4.5,1806764800
32,74,4.0,1806851200
32,75,4.5,1806937600
32,77,4.0,1807024000
32,79,4.5,1807110400
32,80,4.0,1807196800
32,82,4.5,1807283200
32,83,4.0,1807369600
32,85,3.5,1807456000
32,86,4.0,1807542400
32,87,4.5,1807628800
32,88,4.0,1807715200
32,89,4.5,1807801600
32,90,4.0,1807888000
32,91,3.5,1807974400
32,92,4.0,1808060800
32,93,4.5,1808147200
32,94,2.0,1808233600
32,97,4.0,1808320000
32,98,4.5,1808406400
32,99,4.0,1808492800
32,100,4.5,1808579200
32,101,4.0,1808665600
32,102,4.5,1808752000
32,103,4.0,1808838400
32,104,3.0,1808924800
32,105,2.5,1809011200
32,106,3.0,1809097600
32,107,2.0,1809184000
32,108,3.5,1809270400
32,109,4.0,1809356800
32,110,4.5,1809443200
32,111,4.0,1809529600
32,112,3.5,1809616000
32,114,4.0,1809702400
32,115,4.5,1809788800
32,116,4.0,1809875200
32,117,4.5,1809961600
32,118,4.0,1810048000
32,119,4.5,1810134400
32,121,4.0,1810220800
32,122,4.5,1810307200
32,124,4.0,1810393600
32,125,4.5,1810480000
32,126,4.0,1810566400
32,127,4.5,1810652800
32,128,4.0,1810739200
32,129,4.5,1810825600
32,131,4.0,1810912000
32,132,4.5,1810998400
32,133,4.0,1811084800
32,134,4.5,1811171200
32,135,4.0,1811257600
32,136,4.5,1811344000
32,137,4.0,1811430400
32,138,4.5,1811516800
32,139,4.0,1811603200
32,140,4.5,1811689600
32,141,4.0,1811776000
32,142,4.5,1811862400
32,143,4.0,1811948800
32,144,4.5,1812035200
32,145,4.0,1812121600
32,146,4.5,1812208000
32,147,4.0,1812294400
32,148,4.5,1812380800
32,155,4.0,1812467200
32,157,4.5,1812553600
32,158,4.0,1812640000
32,160,4.5,1812726400
32,161,4.0,1812812800
32,162,3.5,1812899200
32,163,4.0,1812985600
32,165,4.5,1813072000
32,166,4.0,1813158400
32,167,4.5,1813244800
32,168,4.0,1813331200
32,169,4.5,1813417600
32,170,4.0,1813504000
32,171,4.5,1813590400
32,172,4.0,1813676800
32,173,4.5,1813763200
32,174,4.0,1813849600
32,175,5.0,1813936000
32,176,4.0,1814022400
32,178,4.5,1814108800
32,179,4.0,1814195200
32,181,4.5,1814281600
32,183,5.0,1814368000
32,184,4.5,1814454400
32,185,5.0,1814540800
32,186,4.5,1814627200
32,187,4.0,1814713600
32,188,4.5,1814800000
32,189,4.0,1814886400
32,191,4.5,1814972800
32,192,4.0,1815059200
32,193,4.5,1815145600
32,195,4.0,1815232000
32,196,4.5,1815318400
32,197,4.0,1815404800
32,198,4.5,1815491200
32,199,4.0,1815577600
32,200,4.5,1815664000
33,1,5.0,1815750400
33,4,4.5,1815836800
33,5,5.0,1815923200
33,11,4.5,1816009600
33,17,5.0,1816096000
33,20,4.5,1816182400
33,21,5.0,1816268800
33,22,4.5,1816355200
33,24,5.0,1816441600
33,25,4.5,1816528000
33,27,5.0,1816614400
33,30,4.5,1816700800
33,31,5.0,1816787200
33,32,4.5,1816873600
33,33,5.0,1816960000
33,34,4.5,1817046400
33,35,5.0,1817132800
33,36,4.5,1817219200
33,37,5.0,1817305600
33,38,4.5,1817392000
33,41,5.0,1817478400
33,43,4.5,1817564800
33,48,5.0,1817651200
33,50,4.5,1817731400
33,175,5.0,1774969600